cell line,LogIC50,IC50,response,BRCA2,BRCA1,MRE11A,RAD50,NBN,RAD51,RAD51C,RAD54B,RAD54L,CHEK1,FANCD2,BRIP1,PALB2,CDK12,RECQL4,C19orf40,PARP1,EME1,PIAS4,FIGNL1,ABL1,SPIDR,USP1,SMC1A,RNF168,MDC1,XRCC3,RAD51B,RPA1,SHFM1,TP53BP1,H2AFX,EME2,EXO1,GEN1,RBBP8,RPA2,SLX1A,SLX1B,SLX4,UIMC1,XRCC2,BARD1,BLM,RAD51D,BABM1,MUS81,RAD51AP1,RAD52,RAD54L,REV1,RTEL1,CKEK2,DMC1,HELQ,BAP1,ATRIP,POLN,RNF2,C1orf86,WRN,ATM,FANCG,FANCM,FAN1,RPA3,SFR1,SMC3,FANCA,C17orf70,ERCC4,FANCE,FANCI,FIGNL1,RMI2,SETMAR,SMC5,ARID1A,ABL2,CDK12,DNA2,FANCC,FANCF,PIAS1,RMI1,TIPIN,ATR,DNMT3A,KAT5,POLQ,RAD1,RAD17,RAD9A,RNF169,TOPBP1,FANCL,FEN1,RECQL,RIF1,TIMELESS
#19,3.394,2479,2,lack,lack,lack,lack,lack,lack,lack,lack,lack,lack,lack,lack,lack,lack,lack,lack,lack,lack,loss,lack,lack,lack,lack,lack,lack,gain,loss,loss,lack,lack,loss,lack,lack,lack,lack,lack,lack,lack,lack,lack,lack,lack,lack,lack,lack,lack,lack,lack,lack,lack,lack,lack,loss,loss,loss,loss,loss,loss,loss,loss,loss,lack,lack,loss,loss,lack,lack,lack,loss,lack,lack,loss,lack,lack,lack,lack,lack,lack,lack,lack,lack,lack,lack,lack,lack,lack,lack,lack,lack,lack,lack,lack,lack,lack,lack,lack,lack,lack,lack,lack
#24,3.622,4190,2,lack,lack,lack,lack,lack,lack,lack,lack,lack,lack,lack,lack,loss,lack,lack,lack,lack,lack,loss,loss,lack,lack,loss,missesnse,lack,gain,lack,lack,lack,loss,lack,lack,loss,lack,loss,lack,lack,loss,loss,loss,lack,loss,loss,lack,lack,lack,lack,lack,lack,lack,lack,lack,loss,loss,loss,lack,lack,lack,lack,lack,loss,loss,lack,lack,lack,gain,lack,lack,lack,lack,loss,gain,lack,loss,loss,lack,gain,lack,lack,lack,lack,lack,lack,lack,lack,lack,lack,lack,lack,lack,gain,lack,lack,lack,lack,lack,lack,lack,lack,lack
#26,3.952,8952,1,loss,lack,lack,lack,lack,loss,lack,lack,lack,loss,lack,lack,lack,lack,lack,lack,lack,lack,lack,lack,lack,lack,lack,lack,lack,lack,lack,lack,loss,lack,loss,loss,lack,lack,lack,lack,loss,lack,lack,lack,lack,lack,lack,lack,lack,loss,lack,lack,lack,loss,lack,lack,loss,loss,loss,loss,loss,loss,loss,loss,lack,loss,loss,lack,loss,lack,loss,loss,lack,lack,lack,lack,lack,lack,lack,lack,lack,loss,lack,lack,loss,loss,lack,lack,loss,lack,lack,lack,lack,lack,lack,lack,lack,lack,lack,lack,lack,lack,lack,lack
#36,4.257,18078,0,loss,lack,lack,lack,lack,lack,lack,lack,lack,lack,lack,lack,lack,lack,lack,lack,missense,lack,lack,lack,lack,lack,lack,lack,lack,gain,loss,loss,loss,loss,lack,lack,lack,lack,lack,loss,lack,lack,lack,lack,lack,loss,lack,lack,lack,lack,lack,lack,lack,lack,lack,lack,loss,loss,lack,lack,lack,lack,lack,loss,loss,lack,lack,loss,lack,gain,lack,lack,loss,lack,lack,lack,lack,lack,lack,lack,lack,lack,lack,lack,lack,lack,lack,lack,lack,lack,lack,lack,lack,lack,lack,lack,lack,lack,lack,lack,lack,lack,lack,lack
#38,4.157,14345,1,loss,lack,lack,lack,lack,loss,lack,lack,lack,loss,lack,lack,lack,lack,lack,lack,lack,lack,lack,gain,lack,lack,lack,lack,lack,gain,lack,lack,loss,gain,loss,loss,lack,loss,loss,lack,lack,lack,lack,lack,lack,lack,lack,lack,lack,lack,lack,lack,lack,lack,lack,lack,loss,loss,loss,loss,loss,loss,loss,lack,lack,loss,loss,lack,loss,gain,loss,loss,lack,lack,lack,lack,loss,gain,lack,gain,gain,lack,lack,lack,lack,lack,lack,lack,lack,lack,lack,loss,lack,lack,lack,lack,lack,lack,lack,lack,lack,lack,lack,lack
#40,3.865,7331,1,loss,lack,lack,loss,lack,lack,lack,lack,lack,lack,lack,lack,lack,lack,lack,lack,lack,lack,lack,lack,lack,lack,lack,lack,lack,gain,loss,loss,lack,lack,lack,lack,lack,lack,lack,lack,lack,lack,lack,lack,loss,lack,lack,lack,lack,lack,lack,lack,lack,lack,lack,lack,loss,loss,loss,loss,loss,lack,lack,lack,lack,lack,loss,lack,lack,lack,lack,lack,lack,lack,lack,lack,lack,lack,lack,lack,lack,lack,lack,lack,lack,lack,lack,lack,lack,lack,lack,lack,lack,lack,lack,loss,lack,lack,lack,lack,lack,lack,lack,lack
MED 85,4.347,22234,0,loss,lack,lack,lack,lack,lack,lack,lack,lack,lack,lack,lack,lack,lack,gain,lack,lack,lack,lack,lack,lack,lack,lack,lack,lack,lack,lack,lack,lack,lack,lack,lack,lack,lack,lack,loss,loss,lack,lack,lack,lack,lack,loss,lack,lack,lack,lack,lack,lack,lack,lack,lack,loss,loss,lack,loss,loss,lack,lack,loss,lack,lack,lack,loss,lack,lack,lack,lack,lack,lack,lack,lack,lack,lack,lack,lack,lack,loss,lack,lack,lack,lack,lack,lack,lack,lack,lack,lack,lack,lack,lack,lack,lack,lack,lack,lack,lack,lack,lack,lack
MED 91,4.12,13195,1,lack,gain,lack,lack,lack,lack,gain,lack,lack,lack,gain,gain,lack,gain,lack,lack,lack,gain,lack,lack,lack,lack,lack,lack,lack,lack,loss,loss,lack,lack,loss,lack,lack,lack,lack,lack,lack,lack,lack,lack,gain,lack,lack,gain,gain,lack,lack,lack,lack,lack,lack,lack,loss,loss,loss,lack,lack,lack,lack,lack,lack,lack,lack,lack,lack,lack,loss,loss,lack,gain,lack,lack,lack,lack,lack,gain,lack,lack,lack,gain,gain,lack,lack,lack,lack,lack,lack,lack,lack,lack,lack,lack,lack,lack,lack,lack,lack,lack,lack,lack
MED 96,4.156,14332,1,loss,lack,lack,lack,lack,lack,lack,lack,lack,lack,gain,lack,loss,lack,lack,lack,lack,lack,lack,lack,lack,lack,lack,lack,gain,lack,lack,lack,lack,lack,lack,lack,loss,lack,lack,lack,lack,loss,loss,loss,lack,lack,lack,lack,lack,lack,lack,lack,lack,lack,lack,lack,lack,lack,lack,gain,gain,lack,lack,lack,lack,lack,lack,lack,lack,lack,lack,lack,lack,lack,loss,lack,lack,lack,loss,lack,lack,lack,lack,lack,lack,lack,lack,loss,lack,loss,gain,lack,lack,gain,lack,lack,lack,lack,gain,lack,lack,lack,lack,lack
PV041214,4.212,16307,0,lack,gain,lack,lack,lack,lack,gain,lack,lack,lack,lack,gain,lack,gain,lack,lack,lack,gain,lack,lack,lack,lack,lack,lack,lack,lack,loss,lack,loss,lack,lack,loss,lack,lack,lack,lack,lack,lack,lack,lack,lack,lack,lack,lack,loss,lack,lack,lack,lack,lack,lack,lack,loss,loss,loss,loss,loss,loss,loss,lack,lack,loss,loss,lack,lack,gain,loss,loss,lack,gain,lack,lack,lack,gain,lack,lack,lack,lack,lack,gain,lack,lack,loss,lack,lack,lack,lack,lack,lack,lack,lack,lack,lack,lack,lack,lack,lack,lack,lack,lack
NKI104,3.165,1463,2,loss,lack,loss,lack,loss,lack,lack,loss,lack,loss,loss,lack,lack,lack,loss,lack,lack,lack,loss,lack,loss,loss,lack,lack,lack,lack,lack,lack,loss,lack,lack,loss,lack,lack,loss,loss,loss,lack,lack,lack,lack,loss,lack,lack,lack,gain,gain,lack,lack,lack,lack,gain,lack,lack,loss,loss,loss,gain,gain,lack,lack,loss,lack,lack,lack,gain,loss,loss,lack,lack,lack,lack,lack,lack,lack,loss,gain,loss,loss,lack,lack,gain,lack,lack,gain,lack,lack,lack,gain,lack,lack,lack,gain,gain,lack,lack,lack,lack,lack,lack
